nyc_tractIDs,events_2001,pop_2001
36005000100,0,12611
36005000200,1,3625
36005000400,0,3533
36005001600,7,5277
36005002000,14,9035
36005002300,4,4398
36005002400,0,0
36005002500,1,5147
36005002701,7,3041
36005002702,7,4710
36005002800,3,5706
36005003100,4,1491
36005003300,3,3146
36005003500,2,3502
36005003700,6,455
36005003800,3,1262
36005003900,7,6066
36005004001,4,1420
36005004100,3,5329
36005004300,12,4816
36005004400,4,4684
36005004600,0,1441
36005004800,9,3700
36005005200,1,2171
36005005400,9,5581
36005005600,4,2710
36005005902,4,2672
36005006000,0,1085
36005006100,12,4007
36005006200,3,6418
36005006400,3,3968
36005006500,22,4723
36005006700,13,6541
36005006800,1,3178
36005006900,11,4648
36005007000,6,4202
36005007100,11,1886
36005007200,5,5108
36005007300,7,3312
36005007400,0,3525
36005007500,10,4707
36005007700,12,1369
36005007800,6,6196
36005007900,4,6612
36005008300,3,6198
36005008400,0,2108
36005008500,6,5432
36005008600,1,4361
36005008700,5,5229
36005008900,3,2915
36005009200,5,4890
36005009800,4,5488
36005011000,0,373
36005011502,13,4159
36005011800,1,5043
36005011900,12,4883
36005012101,1,2898
36005012102,0,1620
36005012300,8,3042
36005012500,2,2435
36005012701,5,2303
36005012901,14,2856
36005013000,0,1164
36005013100,2,3677
36005013200,3,5678
36005013300,3,6081
36005013500,21,3172
36005013800,0,2050
36005014100,22,2331
36005014300,6,836
36005014400,1,5553
36005014500,30,4972
36005014900,3,3760
36005015100,19,4810
36005015300,5,3068
36005015500,5,2802
36005015700,5,3573
36005015800,0,1211
36005016000,0,5053
36005016100,3,4717
36005016200,2,1725
36005016300,3,270
36005016400,0,1205
36005016500,6,1228
36005016600,0,2240
36005016700,4,1844
36005016900,6,1783
36005017100,0,3
36005017300,24,4956
36005017500,96,6510
36005018400,1,3711
36005018900,4,7312
36005019300,4,5268
36005019400,8,1690
36005019500,9,7371
36005019700,16,7729
36005019900,4,7908
36005020100,4,3667
36005020200,0,1858
36005020400,6,2893
36005020601,1,2443
36005021100,3,4636
36005021200,1,5237
36005021301,3,1438
36005021302,4,4123
36005021501,30,3672
36005021502,78,6659
36005021601,7,4326
36005021602,5,5341
36005021800,2,6634
36005021900,6,1312
36005022000,4,1450
36005022300,7,9219
36005022401,10,2618
36005022500,30,7004
36005022701,42,3253
36005022702,8,1708
36005022703,6,1582
36005022800,2,5820
36005022901,12,6020
36005022902,14,3128
36005023000,1,2774
36005023100,18,1604
36005023200,1,2364
36005023301,84,4863
36005023302,6,3532
36005023501,72,4299
36005023502,4,5099
36005023600,6,1876
36005023702,9,1214
36005023900,64,8118
36005024000,6,3541
36005024100,108,5979
36005024300,60,5442
36005024400,1,2086
36005024600,0,2084
36005024700,0,1803
36005024800,3,3257
36005024900,6,128
36005025000,1,2305
36005025100,66,6654
36005025200,4,2428
36005025300,10,6395
36005025400,0,1893
36005025500,54,6563
36005025600,1,1720
36005025700,2,1664
36005026100,0,1559
36005026300,26,7878
36005026400,4,4813
36005026500,14,6746
36005026601,0,2994
36005026602,9,5269
36005026900,8,4051
36005027300,6,7945
36005027600,0,52
36005027700,3,5311
36005027900,1,7161
36005028100,1,3820
36005028300,3,1402
36005028400,2,827
36005028500,3,3246
36005028600,8,1260
36005028700,5,3162
36005028800,3,3069
36005028900,10,4305
36005029500,7,4097
36005029600,4,3676
36005029700,2,3786
36005030000,6,5861
36005030100,2,1490
36005030200,3,8866
36005031000,0,4297
36005031200,1,1564
36005031400,1,2020
36005031600,1,1787
36005031800,0,1797
36005032400,8,2839
36005032800,2,3943
36005033000,13,5169
36005033400,5,336
36005033600,6,6143
36005033800,2,3845
36005034000,7,4385
36005034200,2,1548
36005034300,0,1578
36005034400,2,1556
36005034500,1,3506
36005035000,2,1899
36005035100,0,3348
36005035600,6,2021
36005035800,9,6943
36005035900,8,1417
36005036100,7,6257
36005036300,9,6664
36005036400,8,2686
36005036501,7,3476
36005036502,5,1856
36005036700,1,2261
36005036800,2,1613
36005036901,4,1717
36005036902,2,2141
36005037000,0,2219
36005037100,13,4300
36005037200,2,2186
36005037300,14,4942
36005037400,9,3512
36005037600,0,2119
36005037800,3,2821
36005037900,22,5060
36005038000,7,3979
36005038100,12,6212
36005038200,0,2569
36005038500,6,4140
36005038600,5,7152
36005038700,9,3374
36005038800,2,2398
36005038900,10,4634
36005039000,1,2619
36005039100,7,6433
36005039200,1,1625
36005039300,7,7772
36005039400,3,4465
36005039600,3,3436
36005039700,6,3892
36005039800,3,2802
36005039901,16,5517
36005039902,25,4993
36005040100,26,5231
36005040302,9,4543
36005040400,3,2915
36005040600,10,3407
36005040701,16,3313
36005040702,8,6711
36005040800,6,4039
36005040900,5,3513
36005041100,6,2724
36005041300,13,7502
36005041400,9,5038
36005041500,2,5619
36005041800,6,3569
36005041900,9,6873
36005042000,7,3793
36005042100,19,6739
36005042200,3,2732
36005042300,2,3811
36005042400,3,2562
36005042500,11,6555
36005042600,6,6461
36005042800,3,2232
36005042901,1,3249
36005042902,6,3693
36005043000,2,2955
36005043100,7,9803
36005043500,15,67
36005043600,2,2303
36005044200,2,3699
36005044800,0,1854
36005044901,1,1956
36005044902,1,1988
36005045101,1,1785
36005045102,2,1939
36005045800,1,7208
36005046000,3,2698
36005046201,17,24730
36005046202,2,7388
36005048400,7,3743
36005050400,0,8
36005051600,2,4504
36047000100,1,5168
36047000200,16,1320
36047000301,1,4958
36047000700,4,3650
36047000900,12,2377
36047001100,12,114
36047001300,8,2508
36047001800,4,1509
36047002000,9,1584
36047002100,6,1381
36047002200,42,4276
36047002300,5,4307
36047002901,4,4192
36047003000,3,1860
36047003100,10,2830
36047003300,17,2345
36047003400,2,2898
36047003500,5,1484
36047003600,0,3926
36047003700,25,360
36047003800,1,1597
36047003900,9,2129
36047004100,9,3285
36047004300,15,2948
36047004500,3,3432
36047004600,5,1215
36047004700,1,1151
36047004900,0,2585
36047005000,1,2388
36047005100,2,2101
36047005201,0,1780
36047005202,0,2456
36047005400,2,3199
36047005601,0,2514
36047005602,1,1529
36047005800,10,3293
36047005900,1,1128
36047006000,4,2899
36047006200,4,3041
36047006300,2,1829
36047006400,9,3483
36047006500,2,5142
36047006600,6,3634
36047006700,3,3480
36047006800,8,4790
36047006900,4,3360
36047007000,18,2528
36047007100,2,4598
36047007200,9,1868
36047007400,12,5343
36047007500,1,4446
36047007600,30,4437
36047007700,3,3904
36047007800,18,5023
36047008000,21,4341
36047008200,22,4078
36047008400,3,3237
36047008500,0,7247
36047008600,2,0
36047008800,7,3397
36047009000,4,2573
36047009200,10,5184
36047009400,6,4950
36047009600,6,5922
36047009800,12,6212
36047010000,15,6317
36047010100,5,4095
36047010200,12,4717
36047010400,21,5567
36047010600,12,5499
36047010800,15,4824
36047011000,1,2060
36047011200,5,6262
36047011400,6,4101
36047011600,5,4316
36047011700,4,2746
36047011800,20,2033
36047012000,24,1254
36047012100,2,1778
36047012200,12,5075
36047012700,2,3415
36047012801,3,2017
36047012901,3,2231
36047012902,8,2109
36047013000,10,4739
36047013100,8,3978
36047013200,4,2173
36047013300,3,3673
36047013400,10,3892
36047013500,9,2908
36047013600,4,3923
36047013700,5,2981
36047013800,10,3204
36047013900,16,3797
36047014000,1,1994
36047014100,4,2766
36047014200,2,3236
36047014300,11,3662
36047014500,9,4311
36047014700,2,2200
36047014800,0,1221
36047014900,8,4795
36047015000,3,1565
36047015100,2,3410
36047015300,4,2965
36047015400,2,0
36047015500,4,3308
36047015700,9,4142
36047015900,5,5085
36047016000,13,4244
36047016100,8,2619
36047016200,4,1858
36047016300,8,3156
36047016400,0,1178
36047016500,5,4876
36047016700,2,4544
36047016800,1,1434
36047016900,2,4771
36047017000,2,2919
36047017100,0,3478
36047017200,4,2897
36047017400,2,1755
36047017500,2,27
36047017600,0,2244
36047017700,23,10
36047017800,5,2611
36047017900,1,3403
36047018000,3,2843
36047018100,4,3899
36047018200,5,3051
36047018300,13,2502
36047018400,2,1980
36047018501,2,4707
36047018600,2,1876
36047018700,0,1247
36047018800,2,2618
36047019000,3,4614
36047019100,3,2769
36047019200,6,2366
36047019300,3,5257
36047019400,3,3094
36047019500,6,3776
36047019600,2,3899
36047019700,12,3551
36047019800,3,1709
36047019900,4,2944
36047020000,2,1972
36047020100,7,3611
36047020200,1,1769
36047020300,4,1242
36047020400,0,1935
36047020500,2,2445
36047020600,0,2195
36047020700,7,4624
36047020800,2,2696
36047021000,6,3373
36047021200,9,3738
36047021300,30,4682
36047021400,1,1844
36047021500,5,5586
36047021600,2,3643
36047021700,12,3819
36047021800,4,3783
36047021900,24,3797
36047022000,7,4499
36047022100,20,3897
36047022200,8,4717
36047022400,11,4996
36047022600,4,2541
36047022700,15,3411
36047022800,10,3415
36047022900,5,3176
36047023000,5,4210
36047023100,1,2800
36047023200,8,6023
36047023300,5,4895
36047023400,10,4746
36047023500,4,2150
36047023600,7,5259
36047023800,1,4482
36047024000,5,4641
36047024100,4,1630
36047024200,2,2826
36047024300,4,3938
36047024400,9,3086
36047024500,6,3595
36047024600,3,2946
36047024700,50,2346
36047024800,0,2473
36047024900,14,4198
36047025000,4,1552
36047025100,0,3783
36047025200,8,4667
36047025300,8,2550
36047025400,1,3391
36047025500,12,5079
36047025600,1,2966
36047025700,14,2036
36047025800,0,4355
36047025901,8,1900
36047025902,2,3577
36047026000,3,3481
36047026100,10,4492
36047026200,2,2365
36047026300,4,1876
36047026400,5,4455
36047026500,8,3729
36047026600,4,3433
36047026700,2,4128
36047026800,5,4034
36047026900,10,2804
36047027000,5,2348
36047027200,3,3453
36047027300,26,3035
36047027400,0,2900
36047027500,21,4172
36047027600,3,3367
36047027700,16,3995
36047027800,2,2804
36047027900,4,3779
36047028000,3,1692
36047028100,18,3640
36047028200,1,2895
36047028300,8,3670
36047028400,11,3844
36047028501,6,1322
36047028502,6,2908
36047028600,3,4968
36047028700,14,2779
36047028800,3,3498
36047028900,22,3443
36047029000,1,3813
36047029100,20,2811
36047029200,6,2452
36047029300,24,3260
36047029400,0,2347
36047029500,17,3713
36047029600,10,5362
36047029700,18,3349
36047029800,2,3390
36047029900,33,1750
36047030000,9,3630
36047030100,21,2659
36047030200,1,3761
36047030300,9,3514
36047030400,3,3997
36047030600,2,1928
36047030700,33,3816
36047030800,5,1717
36047030900,6,1610
36047031100,6,2669
36047031300,4,4770
36047031400,3,4503
36047031500,20,5352
36047031701,14,3650
36047031702,26,3556
36047031900,12,3816
36047032100,26,5550
36047032300,10,3741
36047032500,14,6618
36047032600,16,7217
36047032700,10,3774
36047032800,4,3288
36047032900,10,5828
36047033000,1,5219
36047033100,16,4704
36047033300,4,4450
36047033500,10,3120
36047033600,3,5119
36047033700,88,4498
36047033900,12,4524
36047034000,0,2485
36047034100,10,2762
36047034200,2,7366
36047034300,6,5417
36047034500,2,2540
36047034700,12,3150
36047034900,10,5555
36047035000,1,3550
36047035100,66,5006
36047035200,4,1264
36047035300,24,5518
36047035400,3,5686
36047035500,22,5416
36047035700,20,2315
36047035900,30,5301
36047036001,8,3450
36047036002,5,4200
36047036100,26,2540
36047036200,15,4996
36047036300,29,3707
36047036400,5,2618
36047036501,12,2377
36047036502,9,1022
36047036600,7,4482
36047036700,16,1365
36047036900,29,4912
36047037000,8,4064
36047037100,15,3996
36047037300,36,4158
36047037500,16,2838
36047037700,0,3811
36047037900,24,2916
36047038100,3,4839
36047038200,1,6139
36047038300,23,3991
36047038500,16,3606
36047038600,2,3387
36047038700,12,3624
36047038800,2,3807
36047038900,8,2334
36047039000,9,2200
36047039100,4,1550
36047039200,9,2786
36047039300,36,2875
36047039400,7,2518
36047039500,20,3610
36047039600,2,2041
36047039700,28,3252
36047039800,3,2415
36047039900,28,3781
36047040000,7,2960
36047040100,25,3194
36047040200,6,2582
36047040300,15,3039
36047040400,1,2153
36047040500,15,1349
36047040600,2,3099
36047040700,5,1
36047040800,3,2985
36047040900,8,3531
36047041000,2,1752
36047041100,10,2884
36047041200,3,2730
36047041300,34,3306
36047041401,6,1387
36047041402,11,1886
36047041500,24,3680
36047041600,3,2468
36047041700,12,3238
36047041800,6,2511
36047041900,12,3895
36047042000,4,2220
36047042100,24,3524
36047042200,4,3664
36047042300,26,2791
36047042400,4,3689
36047042500,6,2339
36047042600,1,3854
36047042700,27,5547
36047042800,3,3675
36047042900,30,5808
36047043000,4,3297
36047043100,102,5260
36047043200,7,3899
36047043300,98,3708
36047043400,6,3520
36047043500,19,4491
36047043600,3,4034
36047043700,27,5048
36047043800,3,2654
36047043900,33,3783
36047044000,4,2742
36047044100,24,5631
36047044200,0,2730
36047044300,21,5244
36047044400,3,3215
36047044500,24,4563
36047044600,2,1827
36047044700,3,1926
36047044800,5,1499
36047045000,6,1279
36047045200,0,2805
36047045300,8,1656
36047045400,3,2085
36047045600,7,2333
36047045800,5,1510
36047046201,2,2465
36047046202,4,1523
36047046400,0,2567
36047046800,1,1090
36047047000,0,3006
36047047200,3,2986
36047047400,5,2982
36047047600,8,3780
36047047700,4,2380
36047047800,4,4911
36047048000,8,3475
36047048100,5,2773
36047048200,2,5313
36047048400,24,5268
36047048600,20,3575
36047048800,8,4394
36047048900,8,4021
36047049000,20,6128
36047049100,24,5551
36047049200,16,3360
36047049300,16,7674
36047049400,4,5567
36047049500,17,2713
36047049600,6,4555
36047049700,9,2271
36047049800,6,4086
36047049900,3,1660
36047050000,12,3660
36047050100,4,2659
36047050202,4,2155
36047050300,7,2720
36047050400,14,4471
36047050500,6,4207
36047050600,30,6171
36047050700,22,883
36047050900,4,2024
36047051100,6,3750
36047051200,15,6823
36047051300,7,4359
36047051400,42,7659
36047051500,5,927
36047051700,0,1538
36047051800,9,3651
36047051900,9,3096
36047052000,2,4382
36047052300,7,5702
36047052500,9,3534
36047052600,19,4499
36047052700,10,7211
36047052800,1,2077
36047052900,7,4263
36047053000,9,3555
36047053100,2,3027
36047053200,6,2740
36047053300,5,7461
36047053400,18,4590
36047053500,11,4827
36047053700,6,2124
36047053800,11,4677
36047053900,2,3869
36047054200,3,4467
36047054300,4,31
36047054400,2,3675
36047054500,2,7768
36047054600,4,4548
36047054700,6,3552
36047054800,1,2068
36047054900,1,1652
36047055000,6,3568
36047055100,2,4341
36047055200,16,3491
36047055300,2,2586
36047055400,10,4276
36047055500,2,977
36047055600,4,3797
36047055700,0,1202
36047055800,4,2518
36047056000,4,3562
36047056200,1,1671
36047056300,0,4311
36047056400,1,2444
36047056500,6,3502
36047056600,3,2563
36047056800,3,1339
36047056900,5,1660
36047057000,5,3301
36047057100,5,5014
36047057200,2,5615
36047057300,3,2771
36047057400,5,2630
36047057500,3,4931
36047057600,2,2844
36047057800,3,3006
36047057900,3,1338
36047058000,4,3171
36047058200,5,2995
36047058400,0,3537
36047058600,1,2346
36047058800,1,3451
36047058900,0,1787
36047059000,3,1879
36047059100,3,4241
36047059200,8,3975
36047059300,0,2463
36047059401,2,7850
36047059402,14,4606
36047059600,1,2256
36047059800,0,3323
36047060000,6,6111
36047060600,10,2480
36047060800,12,3710
36047061002,4,2924
36047061200,4,1166
36047061600,2,1535
36047062200,3,3083
36047062600,1,2727
36047062800,2,5481
36047063200,6,1376
36047063600,0,1278
36047063800,3,1509
36047064000,1,1499
36047064200,7,2675
36047064400,0,2322
36047064600,0,2076
36047064800,0,1971
36047065000,8,1423
36047065200,2,1178
36047065400,2,1611
36047065600,0,1814
36047065800,3,1841
36047066000,0,1674
36047066200,2,1371
36047066600,1,1
36047067000,9,2396
36047067200,5,1328
36047067400,0,2005
36047067600,4,1730
36047067800,0,2639
36047068000,2,1783
36047068200,1,2258
36047068600,1,1545
36047068800,3,1564
36047069000,1,1774
36047069200,1,2356
36047069800,7,1237
36047070000,1,1732
36047070201,1,6508
36047070202,0,163
36047070203,0,0
36047070600,0,2858
36047072000,2,1694
36047072200,1,2833
36047072400,2,1962
36047072600,2,2491
36047072800,1,3720
36047073000,1,2292
36047073200,0,2320
36047073400,2,2138
36047073600,4,3357
36047073800,5,3298
36047074000,6,3613
36047074200,2,3343
36047074400,1,2362
36047074600,8,1986
36047074800,5,2086
36047075000,0,3135
36047075200,0,1246
36047075400,1,1589
36047075600,2,1976
36047075800,0,1871
36047076000,2,2971
36047076200,6,4627
36047076400,8,4121
36047076600,1,2272
36047077000,10,3029
36047077200,9,3333
36047077400,12,3097
36047077600,1,4090
36047078000,2,2509
36047078200,4,4274
36047078400,2,2699
36047078600,18,4449
36047078800,12,3740
36047079000,51,5828
36047079200,18,3870
36047079400,36,1924
36047080000,12,3883
36047080200,24,4765
36047080400,29,3366
36047080600,8,2832
36047081000,2,2429
36047081400,12,3036
36047081600,20,2989
36047081800,31,5184
36047082000,33,5380
36047082200,9,7446
36047082400,18,4475
36047082600,19,5997
36047082800,12,3967
36047083000,7,6507
36047083200,2,2535
36047083400,4,2089
36047083600,5,2159
36047083800,6,2488
36047084000,8,2502
36047084600,12,2143
36047084800,2,1788
36047085000,4,1430
36047085200,0,1
36047085400,2,2195
36047085600,10,3869
36047085800,4,2441
36047086000,26,3641
36047086200,0,3354
36047086400,10,2144
36047086600,4,3208
36047086800,32,3410
36047087000,6,3216
36047087200,8,3551
36047087401,6,3297
36047087600,16,1710
36047087800,24,3149
36047088000,17,2736
36047088200,35,6765
36047088400,30,5105
36047088600,55,4628
36047088800,21,4103
36047089000,55,6541
36047089200,35,3976
36047089400,20,3640
36047089600,15,3644
36047089800,15,1586
36047090000,45,5517
36047090200,20,4741
36047090600,70,4666
36047090800,35,2952
36047091000,25,5638
36047091200,30,7288
36047091600,40,4247
36047091800,10,2843
36047092000,45,2919
36047092200,6,2848
36047092800,2,2787
36047093000,2,2752
36047093400,6,2402
36047093600,6,1851
36047093800,4,2627
36047094401,1,3197
36047094402,1,2832
36047095000,9,3154
36047095400,3,4730
36047095600,8,3974
36047095800,1,3362
36047096000,1,3
36047096200,4,1679
36047096400,6,2182
36047096600,3,2131
36047096800,6,1403
36047097000,2,2080
36047097400,5,2612
36047098200,7,4518
36047098400,1,2058
36047098600,5,3101
36047098800,4,3072
36047099000,3,1520
36047099200,2,1845
36047099400,2,1934
36047099600,4,3852
36047099800,1,3741
36047100400,1,2758
36047100600,0,2572
36047100800,3,2090
36047101000,2,2172
36047101200,1,2007
36047101400,0,2186
36047101600,1,1561
36047101800,0,2004
36047102000,1,2041
36047102200,9,2103
36047102400,1,2052
36047102600,1,2775
36047102800,1,1705
36047103400,0,3948
36047107000,0,298
36047107800,11,4370
36047109800,8,1532
36047110600,35,4282
36047111000,15,3478
36047111800,2,2666
36047112000,16,3144
36047112200,25,2961
36047112400,20,3269
36047112600,25,3642
36047112800,40,3926
36047113000,15,3580
36047113200,25,1442
36047113400,40,2981
36047114201,15,1719
36047114202,5,2534
36047114600,10,3032
36047115000,10,1847
36047115200,40,2582
36047115600,20,4101
36047115800,15,2936
36047116000,5,2598
36047116200,15,2276
36047116400,3,2782
36047116600,5,2628
36047116800,4,1967
36047117000,38,1840
36047117201,5,2892
36047117202,2,4249
36047117400,8,4273
36047117601,5,2673
36047117602,1,3187
36047117800,7,1716
36047118000,1,0
36047118201,1,2912
36047118202,3,3059
36047118400,8,5136
36047118600,5,3117
36047118800,5,4569
36047119000,6,2000
36047119200,2,2461
36047119400,4,3426
36047119600,7,5015
36047120000,4,2238
36047120200,5,1916
36047120800,9,8529
36047121000,4,3991
36047121400,1,4381
36047122000,3,2848
36061000201,4,3303
36061000202,0,6884
36061000500,0,2
36061000600,29,12186
36061000700,5,1626
36061000800,44,10855
36061000900,13,1072
36061001001,4,1369
36061001002,12,6714
36061001200,24,3460
36061001300,15,1820
36061001401,16,2966
36061001402,24,2996
36061001501,11,4658
36061001502,14,4290
36061001600,300,9487
36061001800,80,10007
36061002000,20,5150
36061002100,20,2770
36061002201,12,6620
36061002202,5,1620
36061002400,0,5115
36061002500,3,5174
36061002601,1,3437
36061002602,3,3769
36061002700,3,1491
36061002800,5,6742
36061002900,24,7320
36061003001,32,4297
36061003002,5,3263
36061003100,22,1809
36061003200,11,8039
36061003300,26,3842
36061003400,8,6567
36061003601,24,3292
36061003602,12,2450
36061003800,12,9168
36061003900,4,4449
36061004000,13,8686
36061004100,15,8843
36061004200,9,3812
36061004300,6,4823
36061004500,14,1073
36061004700,10,2468
36061004800,18,6485
36061004900,10,5003
36061005000,22,5629
36061005200,23,3707
36061005400,18,4012
36061005501,8,4837
36061005502,11,2194
36061005600,24,2651
36061005700,6,2559
36061005800,15,943
36061005900,5,5563
36061006000,6,4040
36061006100,18,5113
36061006200,6,2337
36061006300,9,6276
36061006400,22,7410
36061006500,10,6640
36061006600,13,11830
36061006700,7,5627
36061006800,17,6838
36061006900,5,2382
36061007000,23,7875
36061007100,15,5601
36061007200,47,8168
36061007300,14,6650
36061007400,16,3772
36061007500,2,4164
36061007600,34,2471
36061007700,13,6128
36061007800,24,7563
36061007900,4,4583
36061008000,27,5391
36061008100,14,7428
36061008200,18,2814
36061008300,17,3539
36061008400,25,1097
36061008700,11,4797
36061008800,15,7313
36061008900,8,5359
36061009000,19,7629
36061009100,19,4728
36061009200,26,1382
36061009300,12,8721
36061009400,23,52
36061009500,12,2729
36061009600,22,206
36061009700,9,4889
36061009800,19,7091
36061009900,15,1233
36061010000,24,1839
36061010100,33,326
36061010200,25,265
36061010300,18,1523
36061010400,10,1084
36061010601,8,7907
36061010602,8,4041
36061010800,14,8175
36061010900,24,205
36061011000,23,6775
36061011100,11,3096
36061011201,19,1035
36061011202,10,387
36061011203,29,1269
36061011300,23,301
36061011401,11,1476
36061011402,13,2371
36061011500,42,1550
36061011600,8,3827
36061011700,5,642
36061011800,12,8621
36061011900,28,1376
36061012000,16,3965
36061012100,18,8315
36061012200,24,3886
36061012400,18,10664
36061012500,40,1858
36061012600,14,12883
36061012700,30,7243
36061012800,13,6602
36061012900,19,4614
36061013000,4,4580
36061013100,20,2159
36061013200,9,9780
36061013300,13,5844
36061013400,17,10716
36061013500,16,3814
36061013600,7,15354
36061013700,35,6764
36061013800,7,12596
36061013900,20,9741
36061014000,5,7760
36061014200,9,4929
36061014300,27,19
36061014401,2,4884
36061014402,10,6398
36061014500,13,4524
36061014601,8,3889
36061014602,2,8223
36061014700,4,2283
36061014801,8,2900
36061014802,20,6959
36061014900,14,5945
36061015001,1,2253
36061015002,5,5824
36061015100,9,7213
36061015200,12,6946
36061015300,9,9068
36061015400,13,13127
36061015500,4,6566
36061015601,2,5472
36061015602,13,1668
36061015700,13,10941
36061015801,9,5788
36061015802,1,3206
36061015900,7,9326
36061016001,3,4129
36061016002,6,3160
36061016100,9,6682
36061016200,11,9991
36061016300,5,6769
36061016400,16,6000
36061016500,15,6597
36061016600,17,7326
36061016700,5,6899
36061016800,14,4310
36061016900,7,8588
36061017000,9,8127
36061017100,9,9560
36061017300,6,8986
36061017401,1,5764
36061017402,3,2164
36061017500,11,10734
36061017700,7,9572
36061017800,15,4077
36061017900,14,9477
36061018000,9,7813
36061018100,10,9061
36061018200,15,6851
36061018300,30,9067
36061018400,4,6189
36061018500,4,3824
36061018600,2,5732
36061018700,8,9723
36061018800,19,6425
36061018900,18,11849
36061019000,3,1945
36061019100,18,9051
36061019200,2,3794
36061019300,16,9376
36061019400,20,6816
36061019500,20,8081
36061019600,16,3769
36061019701,0,84
36061019702,5,2088
36061019800,4,1557
36061019900,8,9176
36061020000,4,2428
36061020101,2,2167
36061020102,2,3620
36061020300,4,3588
36061020500,0,5133
36061020600,2,2375
36061020701,0,2626
36061020800,5,4123
36061020901,7,3470
36061021000,3,6624
36061021100,16,10678
36061021200,16,4192
36061021400,5,3145
36061021600,3,7944
36061021800,9,5179
36061021900,12,6385
36061022000,4,5100
36061022102,10,2063
36061022200,8,2435
36061022301,14,8361
36061022302,2,3936
36061022400,12,6232
36061022500,16,11013
36061022600,22,3618
36061022800,70,4696
36061022900,32,8789
36061023000,30,7980
36061023200,56,8307
36061023300,12,6101
36061023400,9,3625
36061023501,11,6122
36061023502,0,2019
36061023600,7,5761
36061023700,21,7214
36061023900,1,2654
36061024000,0,1412
36061024100,13,8231
36061024301,10,4262
36061024302,0,7385
36061024500,28,15747
36061024700,5,7689
36061024900,1,1147
36061025100,13,2949
36061025300,11,12600
36061025500,8,6773
36061026100,26,12981
36061026300,14,9701
36061026500,10,7915
36061026700,2,1949
36061026900,24,9780
36061027100,22,8827
36061027300,0,6276
36061027500,0,2732
36061027700,4,8010
36061027900,11,11617
36061028100,0,2572
36061028300,4,8295
36061028500,12,8275
36061028700,9,4496
36061029100,17,12301
36061029300,12,9473
36061029500,1,7522
36061029700,0,16
36061030300,6,4136
36061030700,1,3570
36061030900,2,7885
36061031100,3,18
36061031900,0,299
36081000100,2,1728
36081000200,2,2930
36081000400,2,4714
36081000600,2,3718
36081000700,7,4105
36081000800,2,3204
36081001000,5,3202
36081001200,0,3805
36081001400,3,3310
36081001600,2,2702
36081001800,1,2809
36081001900,13,822
36081002000,2,1378
36081002200,5,2376
36081002400,2,2161
36081002500,5,6694
36081002600,0,2124
36081002800,0,3077
36081003000,1,1368
36081003100,2,1703
36081003200,10,1543
36081003400,8,2318
36081003600,0,3119
36081003700,0,1272
36081003800,2,2220
36081003900,1,1523
36081004001,10,1821
36081004002,3,1255
36081004200,2,3777
36081004300,1,2557
36081004401,2,3175
36081004500,3,3146
36081004700,5,4390
36081005000,1,98
36081005100,0,2496
36081005200,4,2450
36081005300,6,5903
36081005400,6,5249
36081005500,1,1200
36081005700,2,4845
36081005800,6,5553
36081005900,4,4718
36081006100,2,6639
36081006300,12,6922
36081006900,4,4544
36081007100,12,4512
36081007300,4,4817
36081007500,2,4478
36081007700,5,1344
36081007900,3,3489
36081008100,1,998
36081008300,1,3097
36081008600,5,2714
36081008700,1,4549
36081008800,2,3040
36081009100,0,2737
36081009400,7,3078
36081009500,1,2696
36081009600,2,3353
36081009700,2,3591
36081009800,4,2918
36081009900,1,0
36081010000,3,3485
36081010100,0,2957
36081010200,10,2732
36081010300,3,4756
36081010400,9,3447
36081010500,2,4659
36081010600,16,3476
36081010800,3,3030
36081011000,0,3098
36081011100,1,3123
36081011200,10,2257
36081011300,4,5153
36081011400,6,1142
36081011500,2,3548
36081011600,4,2076
36081011700,4,4315
36081011800,7,2446
36081011900,2,1948
36081012000,2,2533
36081012100,3,2520
36081012200,8,3087
36081012400,4,2933
36081012601,1,2431
36081012602,1,2540
36081012800,1,2069
36081013000,2,1678
36081013200,5,1783
36081013400,4,5517
36081013500,0,1729
36081013600,1,2160
36081013700,3,1483
36081013800,4,3605
36081014000,5,4137
36081014100,0,1935
36081014201,1,4371
36081014202,5,2941
36081014300,2,4465
36081014400,4,1980
36081014500,1,2280
36081014700,5,3246
36081014800,1,2275
36081014900,3,3087
36081015000,1,2513
36081015100,4,3113
36081015200,3,2667
36081015300,1,2574
36081015400,3,2360
36081015500,15,2633
36081015600,1,3408
36081015700,3,1627
36081015900,0,4692
36081016100,1,2855
36081016300,1,4530
36081016400,4,3577
36081016600,3,3678
36081016800,6,2917
36081016900,7,5576
36081017000,8,2397
36081017100,14,20
36081017200,8,2216
36081017400,4,2380
36081017600,2,2024
36081017800,6,1913
36081017900,11,1127
36081018000,4,1098
36081018200,3,2243
36081018300,16,6694
36081018401,3,2339
36081018402,1,2190
36081018600,0,1729
36081018700,2,3136
36081018800,0,1263
36081018900,4,3583
36081019000,11,2199
36081019200,5,1990
36081019600,6,2691
36081019800,16,2797
36081020200,6,1407
36081020400,8,1930
36081020600,14,1753
36081020800,14,2536
36081021200,28,2706
36081021400,10,6006
36081021600,6,5538
36081021900,0,66
36081022001,2,5789
36081022002,2,5146
36081022900,4,1
36081023000,0,1747
36081023200,6,5018
36081023500,8,8412
36081023600,15,2797
36081023800,16,5256
36081024000,28,5719
36081024300,3,5260
36081024500,2,4703
36081024600,11,11
36081024700,0,1503
36081024900,5,5141
36081025100,6,5523
36081025500,4,1815
36081025700,1,1507
36081025800,4,1702
36081025900,12,3380
36081026000,5,1706
36081026100,7,7250
36081026200,3,1175
36081026300,8,6025
36081026400,4,2188
36081026500,3,4530
36081026600,2,1795
36081026700,18,6372
36081027000,0,1487
36081027100,8,8893
36081027200,3,2151
36081027300,57,9376
36081027400,0,1825
36081027500,33,7091
36081027600,3,1218
36081027700,18,9299
36081027800,3,2262
36081027900,15,6717
36081028000,2,1683
36081028100,24,6080
36081028200,0,1340
36081028300,33,8158
36081028400,1,3262
36081028500,15,4953
36081028700,12,6512
36081028800,5,4352
36081028900,27,5453
36081029100,24,7114
36081029300,1,1364
36081029500,3,3778
36081029700,4,1982
36081029900,0,17
36081030902,6,7953
36081031700,2,6133
36081032000,4,4592
36081032700,5,4281
36081032800,2,2181
36081032900,3,4062
36081033000,8,6093
36081033100,0,0
36081033401,2,2597
36081033402,5,13132
36081033700,3,3836
36081033900,5,3673
36081034700,4,3418
36081035100,1,4283
36081035200,2,2509
36081035300,1,2661
36081035800,2,3924
36081036100,6,2265
36081036300,5,2201
36081036500,2,3255
36081036600,13,2634
36081036700,1,2808
36081036800,1,2487
36081037100,0,1415
36081037300,2,2195
36081037500,27,4043
36081037600,2,5937
36081037700,10,3645
36081037900,12,4789
36081038100,16,5449
36081038400,4,2581
36081039400,10,2853
36081039800,0,1752
36081039900,2,3643
36081040000,0,1402
36081040100,8,6836
36081040200,0,1445
36081040300,12,6447
36081040400,4,3956
36081040500,32,3303
36081040700,12,7943
36081040900,10,5188
36081041100,18,3654
36081041300,14,3628
36081041400,5,3676
36081041500,4,3671
36081042600,1,479
36081042700,8,3900
36081043200,4,1116
36081043400,3,1667
36081043900,8,3775
36081044000,4,3390
36081044601,13,2535
36081044602,23,4176
36081044800,0,2391
36081045000,2,1912
36081045200,0,1226
36081045400,9,4298
36081045500,12,12552
36081045600,2,1290
36081045700,3,3390
36081045800,7,1907
36081045900,0,3894
36081046000,17,5748
36081046100,5,2819
36081046200,8,6647
36081046300,7,4047
36081046400,0,1384
36081046500,10,4382
36081046600,2,2852
36081046700,2,7108
36081046800,4,4040
36081046900,6,9210
36081047000,2,3767
36081047100,4,4044
36081047200,6,4047
36081047300,10,3848
36081047500,3,4202
36081047600,0,1452
36081047800,12,5557
36081047900,2,5292
36081048000,8,2635
36081048100,6,6782
36081048200,3,1593
36081048300,3,3781
36081048400,2,5251
36081048500,4,4348
36081048900,6,1248
36081049200,4,5150
36081049301,1,1869
36081049302,5,2779
36081049500,2,1295
36081049600,3,3421
36081049700,1,2676
36081049900,3,4146
36081050000,4,4044
36081050201,2,1352
36081050202,0,1437
36081050400,6,1759
36081050500,1,1652
36081050600,2,1561
36081050700,2,3309
36081050800,0,2037
36081051000,2,1665
36081051100,0,2033
36081051200,4,2858
36081051300,2,2125
36081051500,5,2804
36081051600,1,2115
36081051700,2,1650
36081051800,4,2092
36081052000,0,1682
36081052100,1,2065
36081052200,2,1483
36081052400,0,1874
36081052500,0,1895
36081052600,0,1861
36081052800,2,1480
36081053000,12,2228
36081053200,8,1837
36081053500,3,1118
36081053800,0,1932
36081053900,28,3970
36081054000,8,4468
36081054200,3,5645
36081054500,12,3911
36081054700,28,4710
36081054800,2,2386
36081054900,24,5322
36081055100,32,4668
36081055200,7,3455
36081055300,48,2528
36081055400,5,2473
36081055500,4,2183
36081055600,2,2243
36081055700,24,3942
36081055800,6,1944
36081055900,0,1142
36081056000,0,1808
36081056100,8,12
36081056200,0,1488
36081056400,5,1833
36081056500,4,1165
36081056600,1,1578
36081056700,4,4520
36081056800,12,5276
36081057700,20,3497
36081057900,0,1568
36081058000,2,4094
36081058100,20,2613
36081058300,16,3355
36081058500,36,4127
36081058700,4,3332
36081058900,40,4366
36081059000,1,1225
36081059100,16,5783
36081059200,0,1265
36081059300,8,3868
36081059400,0,1754
36081059500,28,4566
36081059600,0,1583
36081059800,2,1811
36081059900,2,1454
36081060000,0,1239
36081060100,0,2014
36081060300,6,1574
36081060600,1,1507
36081060800,0,1610
36081061000,1,1222
36081061200,0,1707
36081061400,1,1416
36081061601,1,2188
36081061602,0,1506
36081061800,1,1602
36081061900,3,2664
36081062000,0,1554
36081062100,4,2735
36081062300,0,1680
36081062400,0,604
36081062500,44,2256
36081062600,3,2663
36081062700,0,2654
36081062900,4,2683
36081063000,1,1751
36081063200,1,2380
36081063301,0,1457
36081063302,0,1421
36081063500,8,2487
36081063700,8,3099
36081063800,2,3794
36081063900,4,2679
36081064101,2,1639
36081064102,1,207
36081064500,4,1934
36081064600,2,3105
36081065000,2,2988
36081065400,3,2707
36081065600,1,4422
36081065702,0,1508
36081065900,0,1691
36081066000,3,3215
36081066100,0,1531
36081066300,0,2543
36081066400,4,9788
36081066900,0,1702
36081067700,1,1852
36081067900,2,4280
36081068000,2,4351
36081068200,2,1245
36081068300,19,4289
36081068700,6,4702
36081069000,2,3282
36081069300,9,2839
36081069400,2,2905
36081069500,3,2311
36081069701,0,3599
36081069702,2,5017
36081070300,2,2918
36081070700,0,2149
36081070900,1,2427
36081071100,11,4505
36081071600,0,26
36081071900,5,2769
36081072100,3,5216
36081072900,0,1412
36081073100,2,1725
36081073700,15,1867
36081073900,12,4997
36081074100,1,3072
36081074300,11,4350
36081074500,6,3906
36081074700,0,2697
36081076901,2,3578
36081076902,4,1336
36081077300,6,2101
36081077500,2,2461
36081077902,9,5376
36081077903,5,2894
36081077904,3,6288
36081077905,8,2196
36081078800,1,1753
36081079000,3,2485
36081079200,1,2357
36081079300,0,0
36081079900,9,3218
36081080301,6,3940
36081080302,2,3218
36081080900,6,6445
36081081400,2,3633
36081081800,6,3526
36081083700,2,5155
36081083800,2,4784
36081084000,2,6859
36081084500,5,4926
36081084601,0,2809
36081084602,0,1104
36081085300,21,5852
36081085500,10,7086
36081085700,9,6182
36081085900,3,5042
36081086100,3,2452
36081086300,2,7215
36081086400,3,2498
36081086500,12,4191
36081087100,19,1773
36081088400,3,7871
36081088901,5,9197
36081089200,2,8603
36081090700,0,1352
36081091601,3,4189
36081091602,0,20
36081091800,0,16
36081091900,5,5485
36081092200,0,2206
36081092500,5,3378
36081092800,1,3421
36081092900,3,5486
36081093800,11,4431
36081093900,1,3806
36081094201,1,2109
36081094202,8,3735
36081094203,2,5434
36081094500,2,4168
36081094700,2,2183
36081096400,5,3803
36081097202,0,3223
36081097300,1,2257
36081098100,2,1942
36081098700,0,2583
36081099100,1,6645
36081099200,2,2890
36081099701,1,2781
36081101700,3,5854
36081102900,1,3397
36081103300,0,4147
36081103900,4,6161
36081104700,7,7218
36081105900,0,3633
36081107201,0,2611
36081107202,0,0
36081109700,1,2031
36081109900,5,3329
36081111300,0,2518
36081112300,14,2110
36081112900,0,2304
36081113300,0,1659
36081113900,2,3327
36081114100,0,2457
36081114700,0,1787
36081115100,1,1199
36081115500,0,2133
36081115700,1,3458
36081115900,3,4254
36081116100,12,4547
36081116300,5,9347
36081116700,2,2075
36081117100,10,3006
36081117500,5,5008
36081118100,6,1814
36081118500,1,2054
36081118700,0,2494
36081118900,0,2401
36081119100,2,2977
36081119300,2,2340
36081119500,0,1377
36081119900,1,1505
36081120100,0,1708
36081120300,0,1617
36081120500,2,2856
36081120700,1,2777
36081121100,2,0
36081121500,1,3926
36081122300,1,3351
36081122701,3,10048
36081122702,6,6279
36081124100,0,3768
36081124700,2,3634
36081125700,3,3166
36081126500,7,1772
36081126700,8,3110
36081128300,4,54
36081129102,2,3220
36081130100,2,3976
36081133300,5,3845
36081133900,2,1280
36081134100,3,3279
36081134700,3,9014
36081136700,10,5737
36081137700,0,6184
36081138501,3,4653
36081138502,2,8
36081139900,0,1658
36081140300,0,2387
36081140901,0,974
36081140902,2,2480
36081142900,1,3654
36081143500,0,2177
36081144100,1,2982
36081144700,2,2827
36081145101,2,1450
36081145102,0,2480
36081145900,3,2857
36081146300,3,3026
36081146700,9,2737
36081147100,2,3204
36081147900,4,3938
36081148300,1,3031
36081150701,3,2966
36081150702,3,3224
36081152901,0,6256
36081152902,6,4980
36081155101,0,2170
36081155102,4,7827
36081156700,2,1262
36081157101,3,7201
36081157102,1,1570
36081157901,3,4890
36081157902,3,3700
36081157903,0,3852
36081161700,0,4353
36081162100,1,6184
36085000300,4,1761
36085000600,2,2461
36085000700,2,4943
36085000800,4,4899
36085000900,1,2110
36085001100,6,3733
36085001700,2,1684
36085001800,0,1030
36085002001,0,2320
36085002002,1,3227
36085002100,11,3461
36085002700,2,1847
36085002900,6,5291
36085003300,0,3202
36085003600,1,2207
36085003900,1,2196
36085004000,8,11296
36085004700,3,3404
36085005000,3,3669
36085005900,1,2635
36085006400,3,3647
36085007000,8,7421
36085007400,1,3748
36085007500,2,3715
36085007700,1,1563
36085008100,2,4354
36085008900,0,0
36085009601,8,3860
36085009602,1,3352
36085009700,3,3828
36085010500,12,4489
36085011201,3,5607
36085011202,30,5687
36085011401,1,2958
36085011402,6,3272
36085012100,15,3176
36085012200,4,3764
36085012500,3,2817
36085012804,14,3914
36085013201,0,1567
36085013203,1,5485
36085013204,6,5107
36085013301,3,1698
36085013302,33,2845
36085013400,12,3743
36085013800,4,6617
36085014100,3,2197
36085014604,5,6583
36085014605,1,3918
36085014606,0,6540
36085014700,2,3420
36085015100,5,5040
36085015400,0,7
36085015601,3,6427
36085015602,1,3494
36085015603,4,4380
36085016901,2,2971
36085017005,1,4023
36085017007,0,3202
36085017008,4,8145
36085017009,1,4464
36085017010,0,9208
36085017300,0,2537
36085017600,2,4812
36085017700,3,5976
36085018701,3,1747
36085018702,6,7339
36085018901,6,5296
36085018902,0,4987
36085019700,0,1906
36085020100,5,3443
36085020700,5,4931
36085020801,0,8332
36085020803,0,5432
36085020804,1,5315
36085021300,4,4210
36085022300,1,2313
36085022600,0,6343
36085023100,1,3422
36085023900,5,3022
36085024700,6,2388
36085024800,4,3956
36085025100,3,5811
36085027301,1,3669
36085027302,0,3904
36085027702,2,5913
36085027704,2,3956
36085027900,2,1807
36085029102,0,2393
36085029103,4,7542
36085029104,3,6919
36085030301,4,4845
36085030302,2,6150
36085031901,0,3262
36085031902,2,4202
36085032300,1,1108
